Courbe Elliptique,Échantillon,Temps Moyen,Incertitude
Courbe elliptique  y² = x³ + 2x + 2 mod 484763,10,1.70014807449998,1.03388356187839
Courbe elliptique  y² = x³ + 2x + 2 mod 484763,10,1.8618896375000986,1.0060896130463495
Courbe elliptique  y² = x³ + 2x + 2 mod 484763,100,0.7899067280700365,0.4976723754716682
